Label,Type,Value,Unit
Chironomidae,Perimeter,2.46,mm
Chironomidae,Perimeter,2.49,mm
Chironomidae,Perimeter,2.62,mm
Chironomidae,Perimeter,2.75,mm
Chironomidae,Perimeter,3.84,mm
Chironomidae,Perimeter,4.23,mm
Chironomidae,Perimeter,1.42,mm
Chironomidae,Perimeter,3.27,mm
Chironomidae,Perimeter,2.38,mm
Chironomidae,Perimeter,1.79,mm
Chironomidae,Perimeter,3.74,mm
Chironomidae,Perimeter,1.68,mm
Chironomidae,Perimeter,2.07,mm
Chironomidae,Perimeter,1.68,mm
Chironomidae,Perimeter,1.97,mm