Label,Type,Value,Unit
Chironomidae,Perimeter,3.05,mm
Chironomidae,Perimeter,2.41,mm
Chironomidae,Perimeter,2.92,mm
Chironomidae,Perimeter,2.58,mm
Chironomidae,Perimeter,3.39,mm
Chironomidae,Perimeter,6.74,mm
Chironomidae,Perimeter,4.57,mm
Chironomidae,Perimeter,3.07,mm
Chironomidae,Perimeter,1.66,mm
Chironomidae,Perimeter,3.29,mm
Chironomidae,Perimeter,2.11,mm
Chironomidae,Perimeter,1.3,mm
Chironomidae,Perimeter,2.69,mm
Chironomidae,Perimeter,1.86,mm
Chironomidae,Perimeter,2.45,mm