Label,Type,Value,Unit
Chironomidae,Perimeter,2.46,mm
Chironomidae,Perimeter,3.06,mm
Chironomidae,Perimeter,2.34,mm
Chironomidae,Perimeter,3.08,mm
Chironomidae,Perimeter,3.33,mm
Chironomidae,Perimeter,2.97,mm
Chironomidae,Perimeter,3.7,mm
Chironomidae,Perimeter,3.69,mm
Chironomidae,Perimeter,3.49,mm
Chironomidae,Perimeter,2.75,mm
Chironomidae,Perimeter,2.95,mm
Chironomidae,Perimeter,2.23,mm
Chironomidae,Perimeter,1.87,mm
Chironomidae,Perimeter,4.65,mm
Chironomidae,Perimeter,3.69,mm